{
  "evaluated_at": "2026-05-26T14:57:13",
  "action_name": "屈膝",
  "template_file": "D:\\rk3588\\project\\prescription\\docs\\results\\patient_001_knee_flexion_20260526_144149.json",
  "attempt_file": "D:\\rk3588\\project\\prescription\\docs\\results\\patient_001_knee_flexion_20260526_144222.json",
  "config_file": "D:\\rk3588\\project\\evaluate\\configs\\knee_flexion.yaml",
  "fields": {
    "template": "selected_flexion_angle_smoothed",
    "attempt": "selected_flexion_angle_smoothed"
  },
  "keypoint_rule": {
    "hip_index": 23,
    "knee_index": 25,
    "ankle_index": 27,
    "target_joint": "left_knee"
  },
  "metrics": {
    "rom": {
      "target": 88.39192950312038,
      "actual": 50.43582161413393,
      "diff": 37.95610788898645,
      "template": {
        "min": 2.788247499468196,
        "max": 91.18017700258858,
        "rom": 88.39192950312038,
        "frame_at_max": 35,
        "frame_at_min": 5
      },
      "attempt": {
        "min": 3.3795255400299027,
        "max": 53.81534715416383,
        "rom": 50.43582161413393,
        "frame_at_max": 37,
        "frame_at_min": 0
      }
    },
    "tut": {
      "target": 3.1560781283456225,
      "target_source": "template",
      "template_tut": 3.1560781283456225,
      "actual": 0.0,
      "ratio": 0.0,
      "target_range": [
        71.18017700258858,
        91.18017700258858
      ],
      "template_in_range_frames": 32,
      "template_total_frames": 78,
      "in_range_frames": 0,
      "total_frames": 60,
      "method": "linear_interpolation"
    },
    "dtw": {
      "distance": 1105.2784285557914,
      "normalized_distance": 10.836063025056779,
      "path_length": 102
    },
    "speed": {
      "template_peak": 82.10957243713486,
      "attempt_peak": 90.941150109914,
      "ratio": 1.107558441855739,
      "template_mean": 22.85704278758399,
      "attempt_mean": 16.73858249472391
    }
  },
  "errors": {
    "all_errors": [
      "ROM_LOW",
      "TUT_LOW",
      "SHAPE_BAD"
    ],
    "primary_error": "ROM_LOW",
    "is_ok": false
  },
  "structured_feedback": {
    "error_code": "ROM_LOW",
    "params": {
      "diff_angle": 37.95610788898645,
      "target": 88.39192950312038,
      "actual": 50.43582161413393
    }
  }
}